label,pattern,
family,Leguminosae,
genus,Acacia,
genus,Acanthopteron,
genus,Adenopodia,
genus,Aeschynomene,
genus,Albizia,
genus,Bauhinia,
genus,Bimucronatae,
genus,Boreales,
genus,Caesalpiniaceae,
genus,Calderoniae,
genus,Calicium,
genus,Calliandra,
genus,Cassia,
genus,Castae,
genus,Ceratonia,
genus,Chamaecrista,
genus,Climacorrhachis,
genus,Corynadeniae,
genus,Dalea,
genus,Desmanthus,
genus,Dichrostachys,
genus,Distachyae,
genus,Dormientes,
genus,Entada,
genus,Enterolobium,
genus,Equisetum,
genus,Eriosema,
genus,Fagaracanthae,
genus,Glycyrrhiza,
genus,Goldmannia,
genus,Gymnantherae,
genus,Haitimimosa,
genus,Inga,
genus,Intsia,
genus,Kuhnistera,
genus,Leptoglottis,
genus,Leucaena,
genus,Leucaenoides,
genus,Lomoplis,
genus,Malacophyllae,
genus,Manis,
genus,Maytenus,
genus,Michelianae,
genus,Mimosa,
genus,Mimosae,Mimosa
genus,Mimosopsis,
genus,Molles,
genus,Monancistrae,
genus,Mornicolae,
genus,Morongia,
genus,Neomimosa,
genus,Neptunia,
genus,Newtonia,
genus,Papilionaceae,
genus,Petalostemon,
genus,Pigrae,
genus,Pilostyles,
genus,Piptadenia,
genus,Pithecellobium,
genus,Podalyrieae,
genus,Polyancistrae,
genus,Polydactylae,
genus,Prosopidastrum,
genus,Prosopis,
genus,Psilocarpae,
genus,Pteromimosa,
genus,Rhynchosia,
genus,Rubus,
genus,Schranckiastrum,
genus,Schrankia,
genus,Senegalia,
genus,Sinaloenses,
genus,Skinneriae,
genus,Somniantes,
genus,Sophoreae,
genus,Spirocarpae,
genus,Stryphnodendron,
genus,Swartzieae,
genus,Tequilianae,
genus,Vivae,
genus,Watsoniae,
genus,Xantiae,
level,genus,genus
level,sect,section
level,sect.,section
level,section,section
level,ser,series
level,ser.,series
level,series,series
level,species,species
level,subser,subseries
level,subser.,subseries
level,subseries,subseries
level,subsp,subspecies
level,subsp.,subspecies
level,subspecies,subspecies
level,subtribe,subtribe
level,subtribes,subtribe
level,tribe,tribe
level,tribes,tribe
level,var,variant
level,var.,variant
level,variant,variant
level,varietas,variant
section,Ameria,
section,Batocaulon,
section,Calothamnos,
section,Eu-mimosa,
section,Eumimosa,
section,Habbasia,
section,Mimadenia,
section,Rhodostachya,
section,Stachyomima,
section,Vulgares,
series,Acanthocarpae,
series,Acantholobae,
series,Adversae,
series,Affines,
series,Andinae,
series,Antrorsae,
series,Aphyllae,
series,Asperatae,
series,Auriculatae,
series,Axillares,
series,Bahamenses,
series,Bipennatulae,
series,Bipinnatae,
series,Bolivianae,
series,Brevipedes,
series,Caesalpiniifoliae,
series,Campicolae,
series,Ceratoniae,
series,Cordistipulae,
series,Dicerasteae,
series,Diffusae,
series,Discobolae,
series,Dolentes,
series,Dryandroideae,
series,Dutranae,
series,Echinocaulae,
series,Ephedroideae,
series,Farinosae,
series,Filipedes,
series,Glanduliferae,
series,Glandulosae,
series,Hirsutae,
series,Lactifluae,
series,Lanatae,
series,Leiocarpae,
series,Lepidotae,
series,Leptopodae,
series,Leptostachyae,
series,Leucaenoideae,
series,Lundianae,
series,Macrocalycinae,
series,Meticulosae,
series,Microcarpae,
series,Microcephalae,
series,Modestae,
series,Morongianae,
series,Myriadeniae,
series,Myriophyllae,
series,Neptunioideae,
series,Nothacaciae,
series,Obstrigosae,
series,Pachycarpae,
series,Paucifoliatae,
series,Pectinatae,
series,Pedunculosae,
series,Piresianae,
series,Plurijugae,
series,Pogocephalae,
series,Polycarpae,
series,Polycephalae,
series,Pseudocymosae,
series,Pudicae,
series,Quadrivalves,
series,Ramentaceae,
series,Ramosissimae,
series,Reptantes,
series,Revolutae,
series,Rojasianae,
series,Rondonianae,
series,Rubicaules,
series,Sensitivae,
series,Serrae,
series,Setosae,
series,Simplicissimae,
series,Sparsae,
series,Spiciflorae,
series,Stipellares,
series,Teledactylae,
series,Thomistae,
series,Tomentosae,
series,Trichocephalae,
series,Widgrenianae,
species,acacioides,
species,acanthocarpa,
species,acantholoba,
species,acanthophora,
species,acapulcensis,
species,accedens,
species,acerba,
species,acle,
species,acroconica,
species,aculeata,
species,aculeaticarpa,
species,acutiflora,
species,acutistipula,
species,adamantina,
species,adenanthera,
species,adenantheroides,
species,adenocarpa,
species,adenophylla,
species,adenotricha,
species,adhaerens,
species,adianthifolia,
species,adiantoides,
species,adpressa,
species,adversa,
species,aemula,
species,aeschynomenes,
species,affinis,
species,aguapeia,
species,alba,
species,albida,
species,albolanata,
species,alleniana,
species,alternans,
species,altoparanensis,
species,amambayensis,
species,amara,
species,amnis-atri,
species,amphigena,
species,andina,
species,andreana,
species,andringitrensis,
species,angularis,
species,angulata,
species,angusta,
species,angustata,
species,angustisiliqua,
species,angustissima,
species,anisitsii,
species,annularis,
species,antillarum,
species,antioquensis,
species,antioquiensis,
species,antrorsa,
species,aparadensis,
species,apleura,
species,apodocarpa,
species,appressa,
species,aquatica,
species,arachnoides,
species,arborea,
species,arcuata,
species,arenosa,
species,argentea,
species,argentinensis,
species,argillicola,
species,argillotropha,
species,arida,
species,armata,
species,artemisiana,
species,articulata,
species,aspera,
species,asperata,
species,asperrima,
species,atlantica,
species,aureliana,
species,auriberbis,
species,auriculata,
species,aurivillus,
species,axillaris,
species,azuensis,
species,bahamensis,
species,balansae,
species,balduinii,
species,bamebiana,
species,barbadetimam,
species,barberi,
species,barbigera,
species,barnebiana,
species,barrancana,
species,barretoi,
species,bathyrrhena,
species,bauhiniaefolia,
species,bauhiniifolia,
species,bellatrix,
species,benthamii,
species,berlandieri,
species,bernieri,
species,berroi,
species,bicolor,
species,bifurca,
species,bigemina,
species,biglobosa,
species,bijuga,
species,bimucranaia,
species,bimucronata,
species,bipennatula,
species,bipinnata,
species,bispiculata,
species,biuncifera,
species,blanchetii,
species,blancoana,
species,bocainae,
species,boliviana,
species,bombycina,
species,bonplandii,
species,borboremae,
species,borealis,
species,botucatuana,
species,bourgonii,
species,bracaatinga,
species,brachyacantha,
species,brachycarpa,
species,brachycarpoides,
species,brachycaulis,
species,brachyloba,
species,brachystachya,
species,bracteolaris,
species,brandegeei,
species,brandegei,
species,brasiliensis,
species,brevibractea,
species,brevifolia,
species,brevipes,
species,brevipetiolata,
species,brevipinna,
species,brevispica,
species,brevispicata,
species,buceragenia,
species,buchii,
species,burchellii,
species,burkartii,
species,busseana,
species,caaguazuensis,
species,cabrera,
species,caduca,
species,caemlea,
species,caerulea,
species,caesalpiniaefolia,
species,caesalpiniifolia,
species,cafesiana,
species,cainguensis,
species,calcicola,
species,calderonii,
species,caliciadenia,
species,calistachya,
species,calliandroides,
species,callidryas,
species,callithrix,
species,callosa,
species,calocephala,
species,calodendron,
species,calothamnos,
species,calothamnus,
species,calycina,
species,calycioides,
species,campenonii,
species,campicola,
species,campomm,
species,camporum,
species,canahuensis,
species,candelabmm,
species,candelabrum,
species,candollei,
species,canescens,
species,canonis,
species,capillipes,
species,capito,
species,capuronii,
species,caracasana,
species,carbonalis,
species,carinata,
species,caripensis,
species,carisquis,
species,carvalhoi,
species,casta,
species,castanoclada,
species,catalinae,
species,cataractae,
species,catharinensis,
species,caudata,
species,caudero,
species,cauliflora,
species,centurionis,
species,ceratonia,
species,chacoensis,
species,chaetocarpa,
species,chaetosphaera,
species,chapalensis,
species,chapmanii,
species,chartostegia,
species,chiapensis,
species,chihuahuana,
species,chiliantha,
species,chiliomera,
species,chinensis,
species,chodatii,
species,chrysastra,
species,ciliata,
species,cineraria,
species,cinerascens,
species,cinerea,
species,cinereum,
species,circinalis,
species,cisparanensis,
species,claussemi,
species,claussenii,
species,cmenta,
species,cochleata,
species,cochliocarpos,
species,cockerellae,
species,coelho-de-moraesii,
species,coelocarpa,
species,coemlea,
species,colimensis,
species,colombiana,
species,colubrina,
species,comigera,
species,comosa,
species,comscocaesia,
species,concinna,
species,concordiana,
species,conferta,
species,confusa,
species,congestifolia,
species,coniflora,
species,contortisiliqa,
species,contortisiliqua,
species,contortuplicata,
species,conzatii,
species,conzattii,
species,cordistipula,
species,cordobensis,
species,coriacea,
species,coriaria,
species,corniculata,
species,coroncoro,
species,coruscans,
species,coruscocaesia,
species,corymbosa,
species,corynadenia,
species,costaricensis,
species,costenya,
species,courrantiana,
species,craspedisetosa,
species,crassipes,
species,crocea,
species,cruenta,
species,crulsiana,
species,cryptogloea,
species,cryptothamnos,
species,ctenodes,
species,cuatrecasasii,
species,cubatanensis,
species,cupreonitens,
species,custodis,
species,cuzcoana,
species,cyclocarpa,
species,cyclocarpum,
species,cyclophylla,
species,cylindracea,
species,cylindrica,
species,cylindriflora,
species,cytisoides,
species,daleoides,
species,dalyi,
species,dammeriana,
species,dasyphylla,
species,dawsonii,
species,deamii,
species,debilis,
species,deceptrix,
species,decorticans,
species,decurrens,
species,delicatula,
species,demissa,
species,denhardtii,
species,denisii,
species,densa,
species,depauperata,
species,depauperatum,
species,depressa,
species,depressus,
species,descarpentriesii,
species,desmanthocarpa,
species,desmanthoides,
species,desmodioides,
species,detinens,
species,dicerastes,
species,dichoneuta,
species,dichroa,
species,didyma,
species,diffusa,
species,digitata,
species,dimidiata,
species,diplacantha,
species,diplotricha,
species,diptera,
species,discobola,
species,discolor,
species,disperma,
species,dispersa,
species,distachya,
species,distans,
species,divaricata,
species,diversifolia,
species,diversipila,
species,dolens,
species,dolichocephala,
species,dolichopoda,
species,dominarum,
species,domingensis,
species,dominiciana,
species,donnell-smithii,
species,dormiens,
species,doylei,
species,dryandroides,
species,duckei,
species,dulcis,
species,dumetaria,
species,durangensis,
species,dutrae,
species,dysocarpa,
species,ebano,
species,echinocarpa,
species,echinocaula,
species,edulis,
species,egregia,
species,ekmanii,
species,elata,
species,elliptica,
species,elongata,
species,emarginata,
species,emirnensis,
species,emoryana,
species,endlichii,
species,endymionis,
species,entada,
species,ephedroides,
species,equisetum,
species,erinacea,
species,eriocarpa,
species,eriocaulis,
species,eriophylla,
species,eriophylloides,
species,eriorrhachis,
species,eriostachys,
species,ernestii,
species,ervendbergii,
species,esculenta,
species,esmeraldae,
species,eurycarpa,
species,eurycarpoides,
species,exalbescens,
species,expansa,
species,extensa,
species,extensissima,
species,extranea,
species,fachinalensis,
species,fagaracantha,
species,fagifolia,
species,falcipinna,
species,falconis,
species,farcta,
species,farinosa,
species,farisii,
species,fasciculata,
species,fascifolia,
species,fastuosa,
species,fera,
species,fernandez-casasii,
species,ferrisiae,
species,fervida,
species,fiebrigii,
species,filicifolia,
species,filiformis,
species,filipes,
species,filipetiola,
species,flabellifolia,
species,flagellaris,
species,flava,
species,flavescens,
species,flaviseta,
species,flavocaesia,
species,flexuosa,
species,flocculosa,
species,floribunda,
species,floridana,
species,foetida,
species,foliolosa,
species,fonticola,
species,formidabilis,
species,formosana,
species,formosissima,
species,fragrans,
species,franciscana,
species,fraxinea,
species,fruticosa,
species,fuertensis,
species,furfuracea,
species,galeottii,
species,galeottu,
species,gardneri,
species,gatesiae,
species,geminata,
species,gemmulata,
species,gentryi,
species,germana,
species,gigas,
species,gilliesii,
species,glaberrima,
species,glabra,
species,glabrescens,
species,glabrior,
species,glanduliseta,
species,glandulosa,
species,glauca,
species,glaucescens,
species,glaucula,
species,glazioui,
species,glaziovii,
species,globosa,
species,globosum,
species,glockeri,
species,glomerata,
species,glutinosa,
species,glycyrrhizoides,
species,goldmanii,
species,gomezii,
species,gonoclada,
species,goyazensis,
species,gracilipes,
species,gracilis,
species,grahamii,
species,grallator,
species,graminiformis,
species,grandidieri,
species,grandiflora,
species,grandistipula,
species,granitica,
species,gratissima,
species,guadalupensis,
species,gualanensis,
species,guanacastensis,
species,guanchezii,
species,guaranitica,
species,guatemalensis,
species,guaviarensis,
species,guianensis,
species,guilandinae,
species,guineensis,
species,guirocobensis,
species,gymnas,
species,gymnoloma,
species,haavoa,
species,habbas,
species,hadrocarpa,
species,hafomantsina,
species,hahnii,
species,halliana,
species,hamata,
species,hapaloclada,
species,harmsiana,
species,hassleriana,
species,hatschbachii,
species,hatschbachu,
species,hebecarpa,
species,helvilleana,
species,hemata,
species,hemiendyta,
species,herincquiana,
species,heringeri,
species,herzogii,
species,heterocarpa,
species,heterophylla,
species,heterotricha,
species,hexandra,
species,hexaphylla,
species,hilariana,
species,hildebrandtii,
species,himalayana,
species,hirsuta,
species,hirsuticaulis,
species,hirsutior,
species,hirsutissima,
species,hirsutissisma,
species,hirta,
species,hispida,
species,hispidula,
species,hoehneana,
species,hondurana,
species,honesta,
species,horridula,
species,hortensis,
species,hostilis,
species,hostmanni,
species,hostmannii,
species,houstoni,
species,houstoniana,
species,houstonii,
species,huanchacae,
species,huarinchi,
species,huberi,
species,humifusa,
species,humilis,
species,humivagans,
species,hymenaeodes,
species,hymeneaefolia,
species,hypnodes,
species,hypoglauca,
species,hystricina,
species,hystricosa,
species,ikondensis,
species,illinoensis,
species,imbricata,
species,imparilis,
species,implexa,
species,inaequalis,
species,inamoena,
species,incana,
species,incarum,
species,incurialis,
species,indecora,
species,inequalis,
species,inermis,
species,inga,
species,ingoides,
species,insidiosa,
species,insidiosoides,
species,insigne,
species,insignis,
species,intermedia,
species,intermpta,
species,interrupta,
species,intricata,
species,intsia,
species,invisa,
species,involucrata,
species,ionema,
species,iperoensis,
species,irascens,
species,irrigua,
species,irritabilis,
species,irwimi,
species,irwinii,
species,isthmensis,
species,itatiaiensis,
species,ixiamensis,
species,jacobita,
species,jaliscenisis,
species,jaliscensis,
species,jiramenensis,
species,jiringa,
species,josephina,
species,julibrissin,
species,juliflora,
species,kaeringa,
species,kalkora,
species,kermesina,
species,killipii,
species,kitrokala,
species,kuhlmannii,
species,kuhnisteroides,
species,kuntzei,
species,lacerata,
species,laceratum,
species,lactiflua,
species,lacustris,
species,laevigata,
species,laevior,
species,lagunensis,
species,lanata,
species,lanceolata,
species,langlassei,
species,laniceps,
species,lanuginosa,
species,lapiazicola,
species,lasiocarpa,
species,lasiocephala,
species,lasiogynum,
species,lasiophylla,
species,laticifera,
species,latidens,
species,latifolia,
species,latisiliqua,
species,latispinosa,
species,laurina,
species,lawranceana,
species,laxa,
species,laxiflora,
species,lebbeck,
species,lebbek,
species,leimonias,
species,leiocarpa,
species,leiocephala,
species,lemmonii,
species,lemniscata,
species,leonardii,
species,lepidophora,
species,lepidorepens,
species,lepidota,
species,leprosa,
species,leptantha,
species,leptocarpa,
species,leptocaulis,
species,leptophylla,
species,leptorachis,
species,leptorhachis,
species,leucaenoides,
species,leucocephala,
species,levenensis,
species,lewisii,
species,lignosa,
species,ligustrina,
species,limana,
species,lindheimeri,
species,lindleyi,
species,lingvatouana,
species,lithoreas,
species,litigiosa,
species,loeseneriana,
species,longepedunculata,
species,longepetiolata,
species,longicaulis,
species,longicoma,
species,longipes,
species,longipinna,
species,longiracemosa,
species,longisiliqua,
species,lophantha,
species,lorentzii,
species,loxensis,
species,luciana,
species,lucida,
species,lucidula,
species,luisana,
species,lundiana,
species,lupinoides,
species,lupulina,
species,lusoria,
species,lycopodioides,
species,macedoana,
species,macranthera,
species,macrocalyx,
species,macrocephala,
species,macroloba,
species,macropogon,
species,macrostachya,
species,macrostachys,
species,maguirei,
species,mahilakensis,
species,mainaea,
species,malacocarpa,
species,malacocentra,
species,malacophylla,
species,malitiosa,
species,mangensis,
species,manidea,
species,mansii,
species,manzanilloana,
species,maracasensis,
species,maracayuensis,
species,margaritae,
species,marginata,
species,martensis,
species,martindelcampoi,
species,mauroceana,
species,maxonii,
species,mazaltana,
species,mazatlana,
species,medioxima,
species,meguillensis,
species,melanocarpa,
species,mellii,
species,membranulaceae,
species,menabeensis,
species,mensicola,
species,meticulosa,
species,mexicana,
species,mexiquitensis,
species,mfescens,
species,mfipila,
species,micheliana,
species,michoacanensis,
species,micracantha,
species,microcantha,
species,microcarpa,
species,microcephala,
species,microphylla,
species,micropteris,
species,millefoliata,
species,mimosoides,
species,minarum,
species,minima,
species,minutifolia,
species,miranda,
species,misera,
species,mixtecana,
species,moaensis,
species,modesta,
species,mogolensis,
species,mollis,
species,mollissima,
species,monacensis,
species,monadelpha,
species,monancistra,
species,monilifera,
species,moniliformis,
species,monjollo,
species,montana,
species,monticola,
species,montis-carasae,
species,moreliensis,
species,mornicola,
species,morongii,
species,morroensis,
species,mossambicensis,
species,mpestris,
species,msbyana,
species,mucronulata,
species,multiceps,
species,multiglandulosa,
species,multipinna,
species,multipinnoides,
species,multiplex,
species,multispinoides,
species,murex,
species,mutabilis,
species,myriacantha,
species,myriadena,
species,myriadenia,
species,myriocephala,
species,myriophylla,
species,myuros,
species,namorokensis,
species,nanchititlana,
species,natans,
species,nelsonii,
species,neptuniodes,
species,neptunioides,
species,nervosa,
species,neuroloma,
species,niederleimi,
species,niederleinii,
species,nigra,
species,niomarlei,
species,niopo,
species,nissobiensis,
species,nitens,
species,nitida,
species,nitidula,
species,nivea,
species,nodosa,
species,nomarlei,
species,nossibiensis,
species,notata,
species,nothacacia,
species,nothopteris,
species,nova,
species,nuda,
species,nutans,
species,nuttallii,
species,nycteridis,
species,oaxacana,
species,oblonga,
species,obovata,
species,obstrigosa,
species,obtusifolia,
species,occidentalis,
species,octandra,
species,octophylla,
species,odoratissima,
species,oedoclada,
species,oligacantha,
species,oligophylla,
species,oligosperma,
species,onilahensis,
species,ophthalmocentra,
species,orbignyana,
species,orinocoensis,
species,orizabensis,
species,orthacantha,
species,orthocarpa,
species,osmarii,
species,ostenii,
species,ourobrancoensis,
species,pabstiana,
species,pachecensis,
species,pachycarpa,
species,pachycarpoides,
species,pacoba,
species,pallida,
species,palmeri,
species,palmetomm,
species,palmetorum,
species,palpitans,
species,paludosa,
species,panamensis,
species,paniculata,
species,paniculiflora,
species,papposa,
species,parae,
species,paraguariae,
species,paraibana,
species,paraizensis,
species,paranapiacabae,
species,parapitiensis,
species,parota,
species,parviceps,
species,parvifolia,
species,parvifoliolata,
species,parvipinna,
species,parvisensis,
species,patens,
species,paucifolia,
species,paucifoliolata,
species,paucijuga,
species,pauciseta,
species,paucisperma,
species,pauli,
species,paulii,
species,paupera,
species,pauperiodes,
species,pauperoides,
species,pavonina,
species,pectinata,
species,pectinatipinna,
species,pedersemi,
species,pedersenii,
species,peduncularis,
species,pedunculata,
species,pedunculosa,
species,peilita,
species,pellita,
species,pendula,
species,pentadactyla,
species,per-dusenii,
species,perdusenii,
species,peregrina,
species,pernambucana,
species,pernambucensis,
species,petiolaris,
species,petraea,
species,phyllodinea,
species,pigra,
species,piliflora,
species,pilosa,
species,pilosula,
species,pilulifera,
species,pinetomm,
species,pinetorum,
species,piptoptera,
species,piresii,
species,piresn,
species,piscatomm,
species,piscatorum,
species,pistaciaefolia,
species,pistaciifolia,
species,pithecolobioides,
species,pittieri,
species,planaltoana,
species,planitei,
species,platycarpa,
species,platyloma,
species,platyphylla,
species,plena,
species,plumaeifolia,
species,plumifolia,
species,plumosa,
species,pluriracemosa,
species,poculata,
species,podocarpa,
species,pogocephala,
species,pogonoclada,
species,pohlii,
species,polyacantha,
species,polyancistra,
species,polyantha,
species,polyanthoides,
species,polycantha,
species,polycarpa,
species,polycephala,
species,polychaeta,
species,polydactyla,
species,polydema,
species,polydidyma,
species,polystachya,
species,porphyrea,
species,portoricensis,
species,potosina,
species,prainiana,
species,pratincola,
species,pringlei,
species,prionopus,
species,procera,
species,procumbens,
species,procurrens,
species,prolifica,
species,prorepens,
species,prosopoides,
species,prostrata,
species,pseudincana,
species,pseudo-obovata,
species,pseudocallosa,
species,pseudofoliolosa,
species,pseudolepidota,
species,pseudopaniculata,
species,pseudopetiolaris,
species,pseudoradula,
species,pseudosepiaria,
species,pseudotrachycarpa,
species,psilocarpa,
species,psittacina,
species,psoralea,
species,pteridifolia,
species,pterocarpa,
species,puberula,
species,pubifera,
species,pudia,
species,pudibunda,
species,pudica,
species,pueblensis,
species,pulchella,
species,pulcherrima,
species,pulchra,
species,pulverulenta,
species,pumila,
species,pumilio,
species,punctata,
species,punctulata,
species,pungens,
species,pungentissima,
species,purpurascens,
species,purpurea,
species,purpusii,
species,pusilla,
species,pusilliceps,
species,pycnocoma,
species,pyrenea,
species,pyrrhopila,
species,quadrangularis,
species,quadrijuga,
species,quadrivalvis,
species,quassiaefolia,
species,quitensis,
species,racemosa,
species,radula,
species,ramboi,
species,ramentacea,
species,ramosissima,
species,ramulosa,
species,rava,
species,recordii,
species,reduviosa,
species,reflexa,
species,regina,
species,regiomontana,
species,regnellii,
species,rekoana,
species,remansoana,
species,remota,
species,reptans,
species,resinifera,
species,reticulata,
species,retrorsa,
species,reverchonii,
species,revoluta,
species,rheiptera,
species,rhodocarpa,
species,rhododactyla,
species,rhodostachya,
species,rhodostegia,
species,rhomboidea,
species,riedelii,
species,rigescens,
species,rigida,
species,rigidicaulis,
species,rixosa,
species,robusta,
species,rocae,
species,roemeriana,
species,rojasii,
species,rokatavensis,
species,rondoniana,
species,rosariensis,
species,rosea,
species,rosei,
species,rotundata,
species,rubicaulis,
species,rubiginosa,
species,rubricaulis,
species,rudis,
species,rufescens,
species,rufipila,
species,rupestris,
species,rusbyana,
species,russellii,
species,sabulicola,
species,sagotiana,
species,salinarum,
species,saman,
species,sanguinolenta,
species,santanderensis,
species,saponaria,
species,sarmentosa,
species,savokaea,
species,scaberrima,
species,scabrella,
species,scalpens,
species,scandens,
species,sceptrum,
species,schleidenii,
species,schomburgkii,
species,schrankioides,
species,schwackeana,
species,scutifera,
species,secunda,
species,selloi,
species,semialata,
species,semispinosa,
species,semitriptera,
species,senna,
species,sensibilis,
species,sensitiva,
species,sepiaria,
species,septentrionalis,
species,seriacantha,
species,sericantha,
species,sericea,
species,serpens,
species,serra,
species,sesquijugata,
species,sessilis,
species,seticuspis,
species,setifera,
species,setigera,
species,setipes,
species,setistipula,
species,setosa,
species,setosissima,
species,setuligera,
species,setuliseta,
species,sicaria,
species,sicyocarpa,
species,siliquastrum,
species,similis,
species,simplicissima,
species,simulans,
species,sinaloensis,
species,sinemariensis,
species,sirissa,
species,skinneri,
species,smithiana,
species,somnambulans,
species,somnians,
species,somniculosa,
species,soratensis,
species,sordida,
species,sousae,
species,sparsa,
species,sparsiformis,
species,spartioides,
species,speciosa,
species,speciosissima,
species,speciosissma,
species,spectabilis,
species,spegazziniana,
species,spegazzinii,
species,spiciflora,
species,spinosa,
species,spirocarpa,
species,spixiana,
species,splendens,
species,splendida,
species,sprengelii,
species,spruceana,
species,spuria,
species,srigosa,
species,staminea,
species,standleyi,
species,steinbachii,
species,stenoptera,
species,stephaniana,
species,stipitata,
species,stipulacea,
species,stipularis,
species,striata,
species,strigillosa,
species,strigosa,
species,strobiliflora,
species,strombulifera,
species,struthionoptera,
species,studartiana,
species,stuhlmannii,
species,stylosa,
species,subenervis,
species,suberosa,
species,subinermis,
species,subsericea,
species,subuligera,
species,suburbana,
species,subvestita,
species,suffruticosa,
species,supersetosa,
species,supina,
species,supravisa,
species,surumuensis,
species,tacimbensis,
species,tacuarambensis,
species,tacuarembensis,
species,taimbensis,
species,tamarindifolia,
species,tamariscina,
species,tanalarum,
species,tandilensis,
species,tarda,
species,taxifolia,
species,tejupilcana,
species,teledactyla,
species,tenuiflora,
species,tenuifolia,
species,tenuipendula,
species,tenuis,
species,tequilana,
species,tergemina,
species,terminalis,
species,tessmannii,
species,tetragona,
species,tetrandra,
species,tetraneura,
species,tetraphylla,
species,texana,
species,thermarum,
species,thomista,
species,thyrsoidea,
species,thyrsoides,
species,tobagensis,
species,tobatiensis,
species,tocantina,
species,tomentosa,
species,torquata,
species,torresiae,
species,tovarensis,
species,townsendii,
species,trachycarpa,
species,trachycephala,
species,trapezifolia,
species,tremula,
species,trianae,
species,tricephala,
species,trichocephala,
species,trichodes,
species,trijuga,
species,triquetra,
species,trisperma,
species,troncosoae,
species,trunca,
species,tumeri,
species,turneri,
species,tweedieana,
species,tweediei,
species,uaupensis,
species,ulbrichiana,
species,ulei,
species,uliginosa,
species,umbellata,
species,umbellifera,
species,uncinata,
species,unguis-cati,
species,uniceps,
species,unijuga,
species,uninervis,
species,unipinnata,
species,uraguensis,
species,urbaniana,
species,uribeana,
species,ursina,
species,ursinoides,
species,urticaria,
species,uruguayensis,
species,uruguensis,
species,vago,
species,vasquezii,
species,velascoensis,
species,vellosiana,
species,vellosiella,
species,velloziana,
species,velutina,
species,venatomm,
species,venatorum,
species,vepres,
species,verecunda,
species,vermcosa,
species,vernicosa,
species,vernonioides,
species,verrucosa,
species,vestita,
species,vexans,
species,vialis,
species,vilersii,
species,violacea,
species,virescens,
species,virgata,
species,virginalis,
species,virgula,
species,virgultosa,
species,viscida,
species,viscosa,
species,viva,
species,volubilis,
species,warmingii,
species,warnockii,
species,waterlotii,
species,watsonii,
species,weberbaueri,
species,weddelliana,
species,wherryana,
species,widgrenii,
species,willdenowii,
species,williamsii,
species,wilsonii,
species,woodii,
species,wootonii,
species,wrightii,
species,xanthocentra,
species,xantholasia,
species,xanti,
species,xavantinae,
species,xerophytica,
species,xinguensis,
species,xiquexiquensis,
species,xochipalensis,
species,xylocarpa,
species,yaguaronensis,
species,ynga,
species,zacapana,
species,zimapanensis,
species,zygia,
species,zygophylla,
species,zygophylloides,
subspecies,aequatoriana,
subspecies,armandiana,
subspecies,detonsa,
subspecies,egena,
subspecies,graciUs,
subspecies,hirtula,
subspecies,massler,
subspecies,mdis,
subspecies,odora,
subspecies,paradenia,
subspecies,paraguariensis,
subspecies,paranani,
subspecies,paucipinna,
subspecies,pluriceps,
subspecies,pseudoobovata,
subspecies,pubescens,
subspecies,quarta,
subspecies,quinta,
subspecies,ramosa,
subspecies,reducta,
subspecies,rojasiana,
subspecies,sensu,
subspecies,sordescens,
subspecies,spegazziiui,
subspecies,spegazzini,
subspecies,tertia,
subspecies,urbica,
subspecies,urucumensis,
subspecies,variant,
subtribe,Gymnantherae,
tribe,Acacieae,
tribe,Adenanthereae,
tribe,Cassiinae,
tribe,Eumimoseae,
tribe,Ingeae,
tribe,Mimosaceae,
tribe,Mimoseae,
tribe,Phaseolae,
tribe,Piptadenieae,
variant,acicularis,
variant,alboffiana,
variant,alligantina,
variant,allostegia,
variant,amnis-mortium,
variant,amnis-nigri,
variant,anapolitana,
variant,angustifolia,
variant,annae,
variant,antana,
variant,aquidabani,
variant,aspericarpa,
variant,asperrimoides,
variant,atrostipulata,
variant,brasiliana,
variant,brevissima,
variant,calothamnoides,
variant,carajarum,
variant,cercadoensis,
variant,chamelae,
variant,claviceps,
variant,communis,
variant,corneiseta,
variant,corpulenta,
variant,cristaUina,
variant,crystallina,
variant,crystallites,
variant,debiUs,
variant,dehiscens,
variant,deminuta,
variant,desquamata,
variant,deterior,
variant,dives,
variant,eglandulosa,
variant,erecta,
variant,ernestiana,
variant,erratica,
variant,euryphylla,
variant,exilis,
variant,extratropica,
variant,exuta,
variant,ferrea,
variant,foederalis,
variant,fuscescens,
variant,genuina,
variant,glabrata,
variant,glabrifolia,
variant,graminetorum,
variant,gravida,
variant,grossa,
variant,grossiceps,
variant,grossiseta,
variant,gymnocarpa,
variant,hirsuto-puberula,
variant,hirsuto-strigosa,
variant,horrida,
variant,induta,
variant,interior,
variant,invisiformis,
variant,itambeana,
variant,jaUscensis,
variant,joergensenii,
variant,kaliniae,
variant,lanosa,
variant,levior,
variant,liesneri,
variant,longipila,
variant,lumaria,
variant,lysalgica,
variant,machrisiana,
variant,macrophylla,
variant,malmeana,
variant,megistophylla,
variant,metadenotricha,
variant,microphyllidia,
variant,minor,
variant,minus-armata,
variant,miseranda,
variant,missionum,
variant,mitis,
variant,mituensis,
variant,molinarum,
variant,multifoliolata,
variant,nanophylla,
variant,nemorosa,
variant,novogaliciana,
variant,nuttaUii,
variant,occulta,
variant,odibilis,
variant,oranensis,
variant,pangloea,
variant,paranensis,
variant,pastoris,
variant,paterata,
variant,paucipinnata,
variant,phyllorrhoea,
variant,phyUodinea,
variant,planaltinae,
variant,planipes,
variant,plurijuga,
variant,pochutlensis,
variant,possensis,
variant,pringleana,
variant,prorsiseta,
variant,pseudodistans,
variant,pseudomelas,
variant,pseudorigida,
variant,quadrifoUolata,
variant,quadripinna,
variant,raduHna,
variant,raduliformis,
variant,recordU,
variant,redundans,
variant,regnelUi,
variant,rigens,
variant,riograndensis,
variant,rufohispidula,
variant,rupigena,
variant,saltensis,
variant,sandemanii,
variant,scoparia,
variant,segrex,
variant,semitonsa,
variant,soderstromii,
variant,spegazinii,
variant,stahlii,
variant,strigoso-aculeata,
variant,subandina,
variant,subglabrata,
variant,subglabriseta,
variant,syncollandra,
variant,terezinae,
variant,trachycarpoides,
variant,transiens,
variant,trichocarpa,
variant,tropica,
variant,typica,
variant,uncta,
variant,urbana,
variant,vermoesenii,
variant,vespertilionis,
variant,villosissima,
variant,viscidula,
